1	@USER spoke with my nurse this morning ! We adjusted the rate on my zofran pump . :)
1	@USER I'm not allowe to take laxatives so I take fiber gummies , which are sexy and exotic because here they're fibre gummies . Oh la la !
1	@USER ğŸ˜‚ ğŸ˜‚ ğŸ˜‚ I hope that don't happen to me I'm running until I get back on birth control
1	Tums are triflin
1	Bouta take some night quil ğŸ¤˜ ğŸ½
1	@USER @USER sudafed
1	when you get given the worst cough in the universe and all you can take is honey and lemon with a side of paracetamol ğŸ˜‘
1	Should have taken Benadryl .. I need sleep !
1	I woke up with the sorest throat and stiffest neck today . It actually feels worse now . Blah . # Advil # bed # ihateviruses
1	I'm really chilling out on taking these damn Benadryls at night , they're becoming addictive .
1	Then got an epidural ğŸ™‹ â€ â™€ ï¸ ğŸ‘
1	@USER i hated depo , so i switched as soon as i could . And yeah ! it works for up to 3 years and you don't even notice it . I've heard
1	@USER sorry you're suffering . ğŸ˜” I lost 35 pounds in January due to HG . Now , I'm 22 weeks & doing well with a zofran pump . I hope your
1	Broke my water and started pitocin ğŸ˜
1	Okay , Soooo . . . I have a real-life friend who has started injections for IVF ! ! ! Please , please , please throw ... URL
1	@USER Watch the Tylenol ingestion with the day / night pills and acetaminophen together ! # nerdalert
1	Yoooo , can somebody drop me off a Benadryl ?
1	Take advantage of the NEW @USER Redline White Heat Preworkout Promo ! URL # vpx # preworkout # fitness # whiteheat
1	I did my first injection of Lupron today :D Feeling sooo proud of myself for being able to do it on my own ! ! ! I ... URL
1	Woke up abruptly and panicking because I heard beeping . I thought it was an alarm . It was just time for a syringe change .. hah ! # zofranpump
1	Prenatals are doing magic to my hair ğŸ˜ ğŸ˜
1	I was definitely a lot faster prepping my Menopur . . . much smoother today , but my poor belly is starting to look ... URL
1	@USER That's fantastic ! Did you take aspirin , shots , or nothing during pregnancy ?
1	Y'all ... 18 mg a day is not enough to get through the week . # ConcertaProblems # ADDandPregnant # Thursday
1	Sooooo .. my Zofran pump broke for the night . Relying on dissolvables until my new pump arrives . Here's to hoping this goes okay .
1	In quite a lot of pain painkilers don't touch it ğŸ˜
1	I really really want to cut my hair . These prenatals r keeping it growing and frankly ... It's too damn hot ğŸ”¥
1	are the strawberry gaviscon any nicer than the mint ones ?
1	I love finding out via google that I'm going to be sick for the next week while I'm on this antibiotic ğŸ™ƒ
1	@USER yeah I kno but that epidural will have yu like wtf where the perks at
1	I'm so scared my epidural will wear off right before I have to push ğŸ™ˆ ğŸ˜£
1	Please don't tell a woman with HG that Zofran is a big no and Diclegis works perfectly if you take it consistently .
1	@USER Awesome news ! Warfarin adjustment can be a pain in the butt for the first few weeks / months but hopefully they will level out soon .
1	@USER Antibiotics make me even more hungry . Piggy :)
1	i need to get on birth control faaaaaaaassssst because this nigga be trying it ğŸ˜©
1	I was thinking about slipping my dog a little ambien & just pulling her teeth myself . # thingsmymothersays # fb
1	Benadryl , bedtime snack , and New Girl . The party is getting real .
1	Taking # Zofran before bed helps me not puke in the morning , but I still feel nauseous all day . # pregnant
1	@USER Been there . It sucks . Do you have any Gaviscon ? ?
1	I hate these prenatal vitamins . They are so hard to swallow ğŸ˜­ ğŸ˜­
1	I don't have my nausea pills for tonight .. so I'm probably going to die tomorrow ... ğŸ˜³
1	@USER because i support weed . not tobacco . not cancer . not nicotine . weed is what you need .. not tobacco .
1	Doling out tums one by one to pregnant ladies is some real bullshit , Vanderbilt
1	@USER I don't envy you . Sinus congestion / infections / inflammation is so painful . Until you experience it you don't realize # Sudafed
1	# WellnessWednesday : 5 Ways to Ease a Hangover ! Shop vitamin B â†’ URL # health # hangover # HumpDay URL
1	# HDSpecial ! @USER : Buy 1 COR Creatine , Get 1 50 % OFF ! Shop Now â†’ URL
1	Have you tried Gotu Kola ? There's so many benefits ! Shop now â†’ URL # health # droz # TipTuesday URL
1	@USER Hope you aren't too swollen tomorrow ! ! ! I've as much as possible for the first 24 hours ! ! And don't skip the Advil ğŸ˜‰
1	My man cold from last week had actually progressed to a full fledged ear infection . Hoping these antibiotics kick in soon .
1	Retweet if you take # melatonin . URL
1	# NowPlaying Nicotine and Alcohol Saved My Life by Deaf Havana â™« URL
1	I'm on day 5 of Lupron and the only significant symptom I'm feeling is that my bones hurt :| My shoulder and hips ... URL
1	Chewing these like a champ to get through this game . # stress # Gaviscon # raptors URL
1	Bloody toothache keeping me awake painkillers aren't working swirling brandy isn't working . I need sleep .
1	After 17.5 weeks , I said goodbye to my Zofran pump yesterday . I think I'm gonna miss that guy for the rest of this pregnancy . # hglife
1	@USER I don't want an epidural ğŸ˜‚ ğŸ˜‚ ğŸ˜­ I swear I'm sooo serious . I already made my birth plan , I don't want them asking me about an
1	@USER Yeah , I got percs . Ion even take them things thou ion like the feeling .. I took one and felt like I was on cloud 1000 .. ğŸ˜‚ ğŸ˜‚
1	I had my eye removed today ! Feels much better ... had som tea and am now sleeping off my anaesthetic :) â€¦ URL
1	This heartburn is real . Nexium Gaviscon and Tums can't even fight it . Damn wings . They get me every time !
1	I really don't want to get out but I don't think I'll ever get back to sleep if I don't go buy some tums . ğŸ˜­ ğŸ¤° ğŸ»
1	Thank you tylenol for doing absolutely nothing for my contractions ğŸ˜’
1	I've been so dead set against getting the epidural .. but FUUUUUUUCK this hurts worse than being hit by a car .
1	@USER I've done the bath tub , heating pad , and Tylenol . They won't go away . It's miserable . I was up all night crying .
1	I'm going to be so drained today I forgot to take my iron pill â˜¹ ï¸ .
1	Jeremiah does a review on Melatonin ! Coming soon on our youtube channel :) URL
1	The ambien kicked in and Karen is here talkin my head off I'm about to throw my remote at her forehead
1	I'm so scared that my epidural is not gonna work ğŸ˜­ ğŸ˜­ I'm in full panic mode .
1	@USER I even drink it to take my prenatal pills , I'm a weirdo ğŸ˜‚
1	@USER BODY GLIDE before you walk . If it's red and irritated afterwards some Hydrocortisone cream always helps with short term use .
1	@USER no they're holding off until 4 bc the nurses didn't give me enough gels last night & started me late on pitosin today ğŸ™„ ğŸ˜­
1	@USER oh lawd ğŸ˜­ ğŸ˜­ that's kinda why I want to get the epidural ğŸ˜© so I won't feel stitches ğŸ˜‚
1	Sprite and Zantac .. Maybe ğŸ• wasn't the best idea . ğŸ˜‚ # pregnancyissues # itsnotrainbowsandunicorns
1	My iron pill makes me me feel crappy as heck . ğŸ™„
1	Bout to be in a Benadryl induced coma ğŸ˜´
1	@USER ğŸ¤” ğŸ¤” I might get the IUD then ğŸ˜­ ğŸ˜­ ğŸ˜‚
1	So much information on vaccines . Oh my .
1	Balloon is out and it did its job ... I'm now at 5cm and we've just started a little pitocin :)
1	I can't stomach prenatals or any other vitamins to help , so being able to stomach something nutritious for my baby is a big thing to me . â¤ ï¸
1	@USER he's been ok'd my his doc to take baby Benadryl ... Just saying .
1	Blonde , Botox , boobs . Fat cunt will love her . # CelebrityBigBrother
1	I take a baby aspirin every night before bed , for my # FactorVLeiden , and I throw it back up every morning # fvl # pregnancyproblems # conundrum
1	@USER @USER sudafed .
1	Soo about to see how this castor oil works ğŸ˜‚ come on Mason .
1	They say if you take a Benadryl it'll knock you and your baby out , only my child will be in my belly having a dollar party still ğŸ™„
1	My zofran pump is my biggest insecurity right now , but it saved mine & my babies life . That usually helps me ignore the stares ğŸ’• # hyperemesis
1	Laying in from of the TV listening to the campfire channel on TV . My Saturday nights have become so tame . # PJs # water # Gaviscon
1	Tums are my new best friend
1	Heartburn woke me up at 4:30 am . C'mon Gaviscon , do your thing ! !
1	A horrible migraine kept me from working a full day at work . Also , half my department has the flu . Hopefully my flu shot works ! !
1	I liked a @USER video URL Lupron self injection .. Yikes !
1	@USER awwe mane where that epidural at ğŸ˜© ğŸ˜©
1	@USER best advice you can ever get , drink a gallon of water and take a Tylenol before you go out love ! ! Lol happy early bday ğŸ» ğŸº ğŸ» ğŸº ğŸ»
1	@USER It's an old one & absolutely absurd . Type 1 diabetics go on insulin to save their lives . They don't magically develop DM from GMO
1	Jesus Christ how did I let myself run out of painkillers ? ? Fuuuuuuuck I can barely move out of bed !
1	I can't type properly tonight ! Too much TV and flu medication ... I'm going back to my sofa home .
1	The only thing I hate about IUD are the cramps ğŸ’† ğŸ» like wtf I feel like imma die sometimes
1	I don't get it all the other doctors said she was good so I'm not giving her stupid steroids it's gonna make her overweight
1	Pregnancy Accomplishments ? Finished off a large bottle of Tums .
1	@USER I sucked back so much entonox over the labour I had a massive hangover the next day .
1	tylenol is gay af .
1	@USER how was I supposed to know ? It's one full bottle and a few pills in the other . Gotta find them . You can have them .
1	@USER well nitrous .. those college boys did straight nitrous.oh lord .
1	@USER the burn is real . I am having a hard time breathing . Need my Tums to kick in ğŸ˜–
1	@USER Aww , thanks for the encouragement ! You took antibiotics and it took care of it ?
1	And dnt be mad cause my relaxer look bomb and i got a head full of hair ... eat u some prenatals ...
1	Keep tellin ppl ian getting da epidural . Lol
1	@USER I'm totes fine - just need a Tylenol and to teach my dog some compassion ğŸ˜‚
1	@USER epidural is for quitters . lol .
1	@USER yep . Antibiotics & prayers that it passes & doesn't spread to my other ear since I took all of my vacation time already .
1	Not sure if I should ask for my epidural already or not ... I'm so scared of how much pain it's gonna be ! ! ! ğŸ˜”
1	@USER I used the entonox for hours . Sucked back two portable tanks . Couple hours post birth . Massive headache and eye pain .
1	@USER I took the ' Canadian version ' of Unisom and thankfully slept decently with just the regular bathroom breaks haha
1	Told me to make friends with other real housewives of Brentwood so we could talk about rich husbands and Botox ğŸ˜­ ğŸ˜‚
1	@USER you can try vitamins for Olivia ! Hudson has taken vitamins since the NICU & it helps him gain weight
1	@USER ğŸ¤” you must have got an epidural ?
1	My little Ains is under the weather . She is has viral tonsillitis . They don't give antibiotics â€¦ URL
1	@USER Braylon and yep with the help of epidural keeping the pain away
1	@USER I'm allowed gravol for nights I can't get to sleep . Not as strong as good stuff but something ?
1	If anyone tells you that the epidural won't make your back hurt . THEM HOES ARE LYING . My lower back has been in pain since .
1	my birth control patch has made my tits huge as fuq ğŸ™ # thankyou
1	@USER Hey ! He is sleep ... still has a Lil anesthesia ... but had 2 bottles of Pedialyte and hasn't thrown up ... might be home today
1	Off to get my flu shot at work today , want to get a head start at building my immunity to protect me and baby ! # getyourflushot
1	Yeah im allergic to codiene * idunno if I spelled that right * I learned that the hard way
1	Steroid injections sting like a trooper ! ! I don't mind needles but frig me the liquid hurts ! !
1	â€œ @USER : U got a birth control shot so u wouldn't get pregnant . Now you fat and look pregnant from the side effects . â€ ğŸ˜‚ ğŸ˜‚ ğŸ˜‚ LOL !
1	I need some tums
1	Me & baby are sick ğŸ˜” I have strep throat & I'm taking Tylenol for fever ... ğŸ˜¢ Pray for us ğŸ’”
1	@USER I got asked if I tried ginger ... I'm on 8 pills of diclectin a day ... yeah , I've tried everything !
1	@USER oh nooo ! ! Do you take anything for it ? I have to take 150mg Zantac twice a day & drink gaviscon extra strength whenever I need ..
1	Hudson is FINALLY off his antibiotics & his IV drip ğŸ‘ ğŸ¼ ğŸ™Œ ğŸ¼ one step closer to coming home
1	@USER they might give you steroids to help her lungs & another medication that will stop contractions , that usually works !
1	The caffeine pills have finally worn off , time to get a half hour nap before James wakes up again
1	Imma get Botox so my brows can be snatched like @USER
1	Staying in the hospital tonight.Diagnosed with preeclampsia.Was given shotsto make her lungs grow faster , and hoping she stays baking longer
1	I'm all like babe I love you but stay the fuck away from me * throws Tylenol & wet rag from across room * & sleep on the couch tonight ğŸ™ƒ
1	These new prenatal vitamins make me sick . ğŸ˜–
1	â€œ @USER : Women who pretend to like football are the same women who pretend to be on birth control . â€ ğŸ˜‚ ğŸ˜‚
1	My diet consists of adderall for breakfast , beer for dinner , & cake pops for bed time snack . So I should be skinny again soon .
1	Maintaining my most minimal level of regular activity is becoming so hard ğŸ˜­ + tylenol / naps no longer fix everything . Just sore foreverrrrr ğŸ˜µ
1	@USER God knows I need that . Will need to check my prenatal & daily multivitamin to see if I need more
1	these prenatal vitamins got me feeling sick ):
1	Like you know how I'm extra cause I don't need Botox cause I don't have wrinkles but I got it to stop them in case lmao
1	I wanna have my son natural w no epidural . that back pain it leave you w unt unt I already had back problems before him
1	The fact that i didn't take my pill by accident lastnight and im insanely sick today .. # woops
1	I swear I think I'm the only person who's prenatal pills makes them feel sick af ! !
1	Told Jordan to bring me Tylenol & a phenergen & just realized he gave me two Tylenol pm .. its only 2 and I got no sleep last night . Not good
1	And all because I said she couldn't have her brothers epilepsy meds ! URL
1	Cannot understand how a nurse accepts and approves of GMO insulin for diabetics , but says GMO crops are poisonous ? # facepalm # lostthebattle
1	@USER thanks , I'm 16wks & still taking diclectin ... so eventually I'll feel wonderful :)
1	I sleep next to a bottle of tums . # fuckheartburn # kissmyASS
1	# HeadDesk of the day , courtesy of the # RiteAid website . You better run a deal on headache meds , RiteAid . You owe me . URL
1	Y'all can give me more Ambien if y'all like . ğŸ˜‚
1	Ended up getting an epidural and I feel great . Time to try to get some sleep .
1	my pain meds don't even work for me anymore ): this sucks .
1	Thank god , hallelujah for percocet .
1	Once I have my son I'm getting the nexplanon because it has no side effects I do t want to get fat like other people
1	Sorry I just slammed that energy drink , fetus . This house HAS to get clean & because of you they took away my adderall .
1	@USER VitaFusion prenatal gummies w / all the flavors is literally so delicious , I could overdose ğŸ˜…
1	I'm still amazed how fast that castor oil worked ... I literally took it at 11:30 pm and my water broke at 4:30 am ğŸ™Œ ğŸ¾
1	Holy heartburn ! Already took a dose of Tums and still raging ! Send help & antacids ! !
1	Stephanie sounds like she needs some decongestant ! # RAW
1	@USER I am burping him a few times through feed . Just put infacol on my asda delivery . Thanks for reminding me about it !
1	So ill with flu / cold symptoms I can barely lift my head ! Anyone know of any preggo-friendly remedies ( besides paracetamol ) ? ğŸ˜°
1	@USER he said I was dehydrated which could cause the cramping so I got some fluids and antibiotics
1	@USER did you have the actual shot or the nasal spray ?
1	The FACT I drunk this castor oil shit twice don't make no fucking sense ... I wouldn't wish that on my worst enemy ğŸ˜·
1	High af off the morphine ... lol
1	I hate that I had to get a C section because now my back kills me from the epidural I had to get
1	@USER That's what I'm nervous about , bc I sleep so damn much ! Did you get an epidural ?
1	But I got my IUD just in case lmfao Rosie's going to be an only child
1	Has anyone gotten the depo shot ? If so , what's your opinion on it ? ğŸ¤”
1	My 4th Rhogam shot hurt just as bad as my 1st one . O negative blood is a blessing & a curse . # crybaby
1	@USER She is currently on a morphine drip & hospice is taking over . trying to just make her comfortable at this point .
1	However , if I paired the wine with some muscle relaxers , I might have a greater understanding of what it's like to be Rush Limbaugh ... # Hmmm
1	Just started on my second venti iced coffee from # Starbucks . Drowsiness is INDEED a side effect of muscle relaxers ! =(
1	# ad Are you good about taking # vitamins ? # HealthYourself and try out a supplement recommender to find your best bets ! URL
1	Birth control âœ” ï¸ Prenatal âœ” ï¸
1	When your birth control alarm goes off & wakes the baby that just fell asleep ... it reminds you why you take birth control in the 1st place .
1	I really need to pack a bag for Tulsa this weekend but taking a muscle relaxer and passing out in this recliner sounds soooooooo much better
1	Thank god it was just a false alarm I don't want to get pregnant any time soon I'm so scared to stop taking my birth control
1	@USER Well I was on magnesium . They did labs on me every 4 hours just to make sure I didnt have a lot of it â€¦ URL
1	I fucking hate how these pain meds make me feel but I'm too sore to function if I don't take them ğŸ˜­ I just want to feel normal again .
1	@USER hopefully I can shake most of it off today , if not , it's not the end of the world . I can only take Tylenol though ! boo !
1	Also , I think my husband is trying to romance me as he came home with a NEW flavour of Tums that I haven't yet tried . ;) # pregnancy
1	You won't start feeling the pictocin for about an hour Uh bullshit I've been having contractions since that shit hit my system ğŸ˜¶ ğŸ˜¶ ğŸ˜¶
1	@USER the AC can dry you out . Get a saline spray . Helps keep it from super drying .
1	Just kidding .. more lab work , more doctor visits , and more antibiotics through my veins ğŸ˜¥
1	@USER Tylenol is great for throat pain.The nurse in me goes to drugs first ;)
1	@USER Try generic ( Wal-Mart brand ) Prilosec OTC gel capsules . It's the ONLY thing that has helped with my pregnancy
1	@USER regardless I'm getting the damn epidural ğŸ’…
1	Last min oxys so i can sleep ... juju knocked ... and rell at home cleaning lol
1	@USER Ugh . I had a sinus infection last Winter and could not get over the teeth pain . So annoying . I ended up on antibiotics .
1	Getting ' upgraded ' from Tums to a daily OTC . Too bad tomorrow is Christmas Eve so stores will be nuts
1	Last time I had a sore arm from a vaccine was when I got my meningitis vaccine
1	Shoulda took some more NyQuil ğŸ˜”
1	Evan & I went into Target to buy some vitamins . We came out with $ 150 + worth of stuff . ğŸ˜…
1	@USER honestly I'm high on American flu medication so I don't even know my own name right now ! ğŸ˜‚
1	Nasal flu vac for children .. anyones kids get side effects ?
1	So explain to me how GMO insulin is poison ? Without it , diabetics die . Citations for poisoning people and the planet please . @USER
1	They still want to give her steroids like no foh
1	@USER she had a epidural ?
1	I'm working on it ! 4:00 am now . Pain was intense so I just had a magical wonderful epidural from the â€¦ URL
1	@USER I didn't take prenatals at all , people didn't back in the day so I don't think it's necessary . Just eat healthy & drink water ğŸ˜Š
1	My friend asked me where she can go to get birth control and I was telling Jay about it and he goes God you sound like a mom ğŸ˜‚ ğŸ˜‚
1	Feeling great even after giving birth to Jayce without any pain meds . :)
1	This morphine don't work ğŸ™„ I've pressed this button like 4 times & I still feel like shit ğŸ˜­
1	Why are prenatal vitamins pricey ?
1	Tylenol + Codeine ALWAYS makes me feel so weird but it's the only thing that helps my migraines ğŸ˜ ğŸ˜©
1	For now after this baby I'm getting the nexplanon for 6 years 3 then another 3 lol
1	I don't wanna take medicine so im just going to try to take emergen-c and hope it helps
1	I told Michelle Obama I haven't eaten anything in 3 days because I have adderall now . She high fived me .
1	Just took my first muscle relaxer to help with my back pain . I don't see what all the fuss is about painkillers , I sdfbyese 5i6tygfdshbve4eui
1	these pain meds suck lol
1	I need some Pepto Bismol
1	Is it Tylenol or ibuprofen that you can take while pregnant ? ğŸ¤”
1	My kids are so envious of the Tums that I chomp on regularly . They cry and beg to have one . Ridiculous . They think I'm chowing candies ? !
1	@USER I just shouldn't have said anything ... the advise she pours in ğŸ˜‰ I just want Sudafed and NyQuil dammit ! ! !
1	Why does my prenatal vitamin smell like dogs medicine lol
0	@USER yeah irking he need his ass whoop I really don't feel good I swear I'm about to go to the hospital
0	Panda Express ğŸ¼ ğŸ˜›
0	Well .. technology wins agains . People are fighting for an increase in minimum wage , meanwhile the jobs they are ... URL
0	@USER what happened ? ? ?
0	A first grade teacher asked her class to complete the following proverbs . I think some are better then the originals . URL
0	I can't wait to have a forever with someone . â˜º ï¸
0	My advice to these young ppl running round wanting to get pregnant is ... WAIT ... Go to school , get a house , etc . be financially ready !
0	Why he gotta grow up ?
0	@USER I'm not , first time I've watched it . They were selling sausage rolls at one point too . Wtf ? Ahaha .
0	ğŸ˜‚ ğŸ˜‚ ğŸ˜‚ # loveyouJonStewart # jonvoyage URL
0	@USER text me NOW
0	You gotta just hope for the best you know .
0	Omg ğŸ˜ ğŸ˜ URL
0	Wish I had friends that lived here ...
0	@USER @USER 2009 : clementine , accordion 2011 : swell , light 2013 : river , wolf 2016 : warm , still
0	' 136 days until my baby boy is here ğŸ˜© ğŸ˜­ ğŸ˜ ğŸ˜‡
0	McCoy bangs his head on his crib because he thinks it'll get him out of going to sleep .. ğŸ™„ ğŸ˜‚
0	@USER that's what I'm starting to think . People on social media are so weird ğŸ˜©
0	Most Guys Are Dawgs , Fr !
0	this is literally my dream jeep . URL
0	I know I be playing a lot but I'm serious this time ğŸ˜‚
0	Heading out for a sunny Saturday morning brunch ! !
0	im just so moody rn
0	You're going to have 3 days of detention Chance : I probably won't go You'll have ISD then Chance : I'll move schools ğŸ˜‚ ğŸ˜‚ ğŸ˜‚
0	Totally cute picture of my sister and I . URL
0	ğŸ–• ğŸ»
0	My newborn has slept basically all day and so far all night ... This can't be normal ğŸ˜³
0	Decided that enough time had passed since everyone else saw it and loved it and now @USER and I can be cool and give Bojack Horseman a shot
0	So now I'm wearing glasses and the eye doctor said it was all because of my pregnancy . LIKE WAIT WHAT ? ? ?
0	my next car will be my 4th car and i'm only 18 lol
0	I â¤ ï¸ dat romantic shit ğŸ˜ ğŸ˜
0	@USER makes me wonder too .
0	We ain't spoke in so long , you probably put me in the past .
0	Clean air ! ! We had to leave Utah to get it but it was worth it ! # saltlakecity # inversion # asthma # evangelinedelaney URL
0	My mom askin me if i wanna leave to the states ? !
0	Valentines Day With The Twin ğŸ˜ ğŸ’• ğŸ’Œ ğŸ’‹ @USER
0	Today has been cancelled ... Go back to bed .
0	@USER I don't think this could describe me any better . ğŸ˜ ğŸ˜‚ ğŸ™„ URL
0	I need a friend that like to do stuff damn WTF & ain't broke ğŸ˜«
0	Because I decided to be the bigger person .
0	I remember when family was everything but in reality it was never anything .
0	@USER ğŸ˜‚ yes but shid you going to get over it sooner or later
0	I can never nap ğŸ˜« I swear I just wanna sleep all day it never happens !
0	I'm so lucky ğŸ˜» ğŸ˜» ğŸ˜» URL
0	Coconut water + fresh fruit = delicious , ice cream substitute , right ? I'm so ready for spring / summer weather and ... URL
0	This pic is just for @USER URL
0	@USER ğŸ˜¥
0	I feel like a stuffed sausage busting at the seams ğŸ˜…
0	@USER At the very top of the Eiffel Tower in Paris , even the ring box was the Eiffel Tower # propose URL
0	I want Shay and keira to come by me so we can have a movie night . I miss my best friends
0	It turned from falling in love with him , to falling in love with the idea of love .
0	Here's To A Day All About Jaz Getting Everything She Needs For Her Arrival . Just Me & & Her ..
0	Yessssssssssssir
0	# Excited to try the Organic Fiji line from # healthdesigns ! Yay ! - Abby URL
0	I choose you â¤ ï¸
0	I had to let her know cause if I wasn't pregnant ğŸ˜© ğŸ‘Š
0	Mmmm whole nut chocolate ğŸ‘Œ
0	Please just let me sleep
0	@USER ugh
0	Good morning world ! â˜€
0	@USER my sad truth is that I feel the most proud of myself when I shower AND blow dry my hair . I'm not kidding ...
0	I think I might write a book on mine & & Darriens relationship lol
0	I miss my bf
0	# 1601 sling b baby wrap ! URL
0	It Shouldn't Be Too Much Longer Before Jaz'Alynn Makes Her Way â˜º ï¸ â˜º ï¸ â˜º ï¸ ğŸ˜Š ğŸ‘
0	Waste of my time being at this place .
0	Finna get cute bitch what ğŸ˜
0	My head hurts & my friends are lagging
0	Currently transferring money from my savings into my checking account because I'm so broke . ğŸ˜© ğŸ˜­ ğŸ˜© ğŸ˜­
0	Today can just screw off
0	@USER ayyyyyyyyyy ğŸ˜ ğŸ˜
0	URL
0	@USER you made my day . ğŸ˜Š
0	Jefferson hospital is so fucking slow
0	Corrine and Angela gotta get up outta there ...
0	@USER Ahhhh I LOVE yours ! You rock those bangs better than anyone !
0	# weddinghour @USER your stationery looked beautiful in the shoot .
0	RT URL
0	I'll text other ppl just to keep my mind off yu ğŸ˜”
0	@USER what do YOU know about that is be real question ğŸ¤”
0	@USER â¤ â¤ URL
0	@USER @USER im crying . The most ridiculous convo ever .
0	yesss ! ! ! ğŸ˜ ğŸ˜ ğŸ˜ â¤ ï¸ â¤ ï¸ â¤ ï¸ URL
0	@USER ğŸ˜¬ ğŸ˜¬ ğŸ˜¬ thanks I thought I was the only one who watch that show ğŸ˜‚ ğŸ˜­
0	Spontaneous day trip to Auburn ! # chevvyandrons # wareagle URL
0	@USER my plan is sleep , eat , sleep , eat . ğŸ‘ ğŸ¼
0	Todays . Going . By . So . Slow .
0	All my own hair bro , all my own hair .
0	Was hopin to see you again ğŸ˜” ğŸ˜
0	@USER @USER You are very welcome ! :)
0	I think im hungry
0	nothing is worse than when you look in your drawer for a snack and realize you already ate it
0	@USER I'm going to see you on my due date so you'll likely be singing at my baby's birth ğŸ‘ ğŸ‘ ğŸ‘ # nevermindweddings
0	Fuck you URL
0	I'm hungry but I'm not hungry ğŸ™„
0	@USER My Belly ğŸ˜‹
0	â€œ @USER : She's the real MVP URL â€
0	don't come at my friends with the I love you bullshit when you wanted no part of them & they wanted all of you , it's too late for that
0	@USER xoxoxoxo !
0	Is this week over yet or no ... ğŸ˜¥ ğŸ˜­ ğŸ˜ª
0	Next time you try to touch me with something cold when I'm sleeping @USER URL
0	@USER take it somewhere to get it done then ğŸ’ ğŸ¼
0	I wish I could smoke , but I can't
0	I can't wait to leave next month âœˆ ï¸ ğŸ™Œ ğŸ½
0	I've always wondered how some ppl can just walk around musty .. Do u not smell ya self , I can smell ya from a distance ğŸ˜– ğŸ˜–
0	Dropped my keys in the only hole that's on our porch , which means once again I'm locked out my car and house ğŸ˜‘
0	That's money I could buy things for my child with
0	Today on the Gilmore Girls : Keiko Agena ( Lane ) did an AMA on reddit ! URL
0	I've been @USER a lot lately and I like it . One of the most relaxing parts of my week . # PrenatalMassage
0	I posted a new photo to Facebook URL
0	the taste of salt on my lips ..
0	@USER My best friend passed away in a car crash and I want to take her sister in law to see Lana please help . ğŸ™ â¤ ï¸
0	Happy New Year . URL
0	â€œ @USER : you bitches fraud a lot ğŸ˜© âœŒ ï¸ ğŸ˜‚ â€
0	This double denim look is currently on URL ( link in bio ) â€¦ URL
0	@USER I am SO excited for # CelebrityMasterChef
0	Honestly I just love my little makeup collection . I'm not a makeup artist , but it's so fun to have and play with . ğŸ’• ğŸ€
0	Ky on tv . # dontbotherme
0	I have to work in the morning .
0	@USER DUHHH lol â˜º ï¸
0	Pissing myself at how pathetic phoebe is in next weeks episode ! .. The more I watch the more I LOVE @USER # teamlucy
0	I'm almost done with the nursery ! ! I just need to clean the carpet , add some curtains and a few photos for the ... URL
0	Who wants dogged on this lovely day ? ?
0	A lot of pregnant young girls won't admit that it is hard , being pregnant isn't fun . If you don't have help you will struggle . Wait ğŸ’¯ ğŸ’¯ ğŸ’¯
0	Pretty women and a whole bag of goldfish # whoops
0	Doctors appointment tomorrow ğŸ˜† Hopefully I'm dilated somewhat and my doctor can tell me when he thinks she will come ğŸ™ ğŸ¼ ğŸ’Ÿ Ready for my baby ğŸ˜©
0	Justin and I are thrilled to announce the birth of our sweet , healthy , and beautiful baby girl - Joy Belle ! ... URL
0	<3 URL URL
0	Heyyyyy ğŸ’— URL
0	The jack of all trades is seldom exceptional at anything , and usually broke as well . - Unknown
0	one person followed me / / automatically checked by URL
0	I lost my homies .. ğŸ’” I can't feel a thing .
0	Not only do I need Jayden in my life , He needs me in his life as well .
0	i cant believe this was taken with a phone , i neeed the 7 ğŸ˜­ ğŸ˜­ URL
0	@USER Matheus funciona assim , se o pedido for retornando , nÃ£o podemos fazer a devoluÃ§Ã£o atÃ© a mercadoria estiver em nossas mÃ£os !
0	my whole life I've never even bought perfume because I know it could cause him to die . Did he not grow up in the same house ?
0	Shit that used to phase me just doesn't any more
0	@USER no just @USER
0	You are being pushed and pulled all over the map now ; you migh ... More for Libra URL
0	@USER You're so stupid I swear
0	@USER oh god should I be worried ? ğŸ˜‚
0	My tummy sits so low , , that's how I kinda knew it was a boy ...
0	Can't sleep , but what's new ?
0	i hate wack ppl
0	I hate when I come home and my shit not how I left it ..
0	Worrying about a coyote breaking into my house URL
0	The power couple is headed to Austin ! Dreams do become reality , but only when you stop dreaming and starting doing ! URL
0	@USER @USER I was almost gonna just keep scrolling but this is a damn shame ğŸ˜’ y'all need to not be hoes . Do . Not . Be . A . Ho
0	This Ramadan was my first to fast while being pregnant in my third trimester . I was a little hesitant â€¦ URL
0	Wooden floor has been delivered so it can ' adapt to our temperature ' ... I find this really weird but Alex says it's just ' what you do ' .
0	Feel like crying my baby polo has been attacked by an Alsatian and is at the emergency vets sedated in critical condition ğŸ˜­
0	My dad mistaked the GIRLS bathroom for the men's .. Lol wrong bathroom dude ğŸ˜‚
0	my mood got killed
0	What did you expect , for me just to wait around and look stupid .
0	â¤ ï¸ # feelinglonely # miss # love # husband # wife # lover URL
0	You can't please everybody , even if you try .
0	You may assume there is safety in numbers today , prompting you ... More for Virgo URL
0	@USER love you ğŸ˜˜
0	Baby bump making an appearance at our gender reveal party ... follow me on snapchat â€¦ URL
0	When y'all mad at each other but you still miss him ğŸ˜© ğŸ˜‚
0	Somewhere On A Beach x Dierks Bentley lol basically
0	Going from work to fun in my labelbylegoe pants . The stretchy waist makes them so comfy with my â€¦ URL
0	@USER I know ! ! ! I'm gonna be cuddled up with Nova and hot chocolate watching 25 days of Christmas
0	URL
0	Hendrix hates being touched when he eats ğŸ¼ he mugs & makes little grumbling noises if you touch him while eating ğŸ˜‚ I need to record it lol
0	@USER @USER Thank you babe ğŸ¤—
0	That bitch tired to get the best of me
0	The explorers URL
0	@USER @USER @USER qua Niyah gotta get hers REGARDLESS ğŸ˜‚
0	@USER Thank you ! I'm so very pregnant !
0	Well that's straight coincidence ... weird . ğŸ˜’
0	Power was so good this week ğŸ™Œ ğŸ¾ ğŸ™Œ ğŸ¾ ğŸ™Œ ğŸ¾ I'm so happy lol ğŸ˜‚ ğŸ˜‚ ğŸ˜‚ ğŸ˜©
0	They need to be slapped URL
0	I tell myself you're getting in too deep then I fall a little farther ... Every time you look at me â˜º ï¸ ğŸ‘«
0	@USER idk who ur going in on , but you just kept me entertained til I got off work .
0	@USER URL
0	how did you lose so much weight and how long did it ... â€” Change of diet and going to the gym . A year URL
0	@USER @USER absolutely beautiful
0	This lady keeps talking to me in Spanish and I keep saying yes . She's probs said I'm going to kill you and I just agreed ğŸ™‚
0	He always got them fucking excuses ... I pray to the lord you reveal what his truth is ğŸ™„ ğŸ‘ ğŸ½
0	Can't sleep when my son keeps givin hard kicks to the ribs
0	But anyways ğŸ˜‚ ğŸ˜‚ âœŒ ï¸
0	I just finished cleaning and boiiii I'm tired ğŸ™‚ ğŸ™‚ ğŸ™‚
0	I think its too early to be threatening bitches , so imma wait until noon
0	Daddy , tigger & woof ! URL
0	take yo ass to hibernation smh URL
0	Man I been eatin every 20 Minutes
0	I hope I eat some yummy cakes tomorrow # birthdaygirl # preggers
0	@USER I love you â¤ ï¸ URL
0	Trying to get my homework done while he watches this game , please don't talk to me
0	@USER nooooooo ğŸ˜« if you really are send me your number babe
0	I'm only leaving my house to get cake ğŸ˜‚
0	Saw a guy walking in the airport wearing a @USER shirt and sweating profusely . Don't preworkout and fly . # traveltips
0	what do I keep crying for ğŸ˜’ ğŸ˜­
0	Jesus Christ do I look bloody rough this morning . Crap sleep awake since 4ish feel as rough as I look . Concealer coming out to play today
0	Why tf my hands swelling up ? ğŸ˜’
0	That ain't a mouth full or Oreo cookies ... it's dirt . # NeverTurnYourBackOnAToddler URL
0	@USER do what you think is best , but I'm sure you will be a great mother . Don't let the stress get to you . It will get better .
0	@USER Thank you for the updates , Neopets ! It's been SO GOOD to actually get these updates throughout all this , and has boosted morale !
0	@USER basically ğŸ˜’ it's only free if they are like 2 and under
0	What's Alex Cooking For Me This Morning
0	I drank too much coffee URL
0	This kiddo is AWAKE and MOVING after 11 days of being paralyzed . So â€¦ URL
0	ğŸ’¤
0	@USER Thank you ! ğŸ˜­ ğŸ˜­ ğŸ˜­
0	well since you asked .. respecting our moms & ourselves , not embarrassing our parents on national tv . not being ratc â€¦ URL
0	Tomorrow's another day and I'm thirsty anyway so bring on the rain ..
0	Looking for a prom dress is stressful .
0	@USER okay by where Jacob live ?
0	Ew ! # hollyoakslater
0	@USER LOVE your collection , what brand is your favorite ?
0	I want to see the new star wars movie it will be sold out at every theater when it comes out # StarWarsTheForceAwakens
0	@USER Sai hoje , sobre o instagram e problemas de bloqueo de contas .
0	Fuck the government . # stupidchildren
0	I straight got the flu
0	Getting baby shower ready for actualash . URL
0	My whole body hurts I just want to go home and rest ğŸ˜«
0	@USER your right but just delete the app go on when your bored maybe .
0	I haven't been depressed since like middle school .
0	@USER are you fucking kidding . ? No you are not . ! ğŸ˜³ ğŸ–• ğŸ»
0	had no idea baby shower cards would cost a arm and a leg ğŸ™„
0	Whenever I start to click with someone they leave
0	Bc moline on February is too soon . Nova will only be three months
0	Someone bring me an ice cream cookie sandwich ! ğŸ˜©
0	URL
0	@USER dang it's still going to be high I have a I phone 6 plus
0	@USER Yay ! :D Glad you got your Echo items ! Looking forward for your reviews , thanks for sharing !
0	@USER @USER Good to hear . I'm going to see it Friday ... was hoping for some solid laughs .
0	i have completely gone off the # PostCircle track - life has been manic . want to get back into it though ... are you all still doing it ?
0	hello from me and my Amaru ğŸ’ URL
0	29 weeks pregnant ! ! # twinpregnancy # twinbelly # twinboys # blessed URL
0	Hate mondays # rollontheweekend
0	I'm such a happy person when I'm with my brothers
0	always want someone by my side when im going through some shit but i always end up going through it alone
0	I wish I would've never updated snap chat ğŸ™„
0	ğŸ˜‚ ğŸ˜‚ fr URL
0	@USER how much Vitamin D3 should a toddler be getting ?
0	RT ! URL
0	I dnt have friends I have girlfriends â¤ ï¸ that title much better ğŸ’
0	SINCE WHEN HAS THE NEW BLUE MOUNTAIN STATE MOVIE BEEN ON NETFLIX OMG
0	My baby never lets me sleep and makes me sick 24/7 so Austin started yelling at my belly saying you are so bad ! you're a bad girl ! ğŸ˜‚ ğŸ˜­
0	i have so many baby clothes i can't wait for mia to be here ğŸ’– 5 weeks to go
0	ORRR they don't run those yellow lights that i know we could have made . ğŸ˜‚ drive too slow . just lil shit . but it annoys me . ğŸ™„
0	Attempt two at making dinner . Let's hope this goes well . # wishfulthinking
0	Whoo-hoooo 25 weeks ! ! URL
0	I can't let this cold keep me down ğŸ˜·
0	@USER I love you . I miss you .
0	# NowPlaying Alive With The Glory Of Love by Say Anything â™« URL
0	@USER ğŸ‘Œ ğŸ¼
0	Can I just live in the bathtub ? Nothing hurts , & it's always nice & & warm . ğŸ˜ª
0	@USER ohh okay
0	@USER YES ! I award myself 5 movie points ! # Dance
0	Smiling from ear 2ear ;)
0	Nicki & I at the mall right now is a shit show ... # toostressedforlife
0	â€œ @USER : O god I do start school in a week .. ğŸ˜³ â€ Me Too ğŸ˜Š ğŸ‘
0	We got a better look at the baby boy yesterday during a follow up ultrasound . We've never had a 3D image done of an â€¦ URL
0	I was excited that T passed out so I could make an anniversary cake and then realized I need 3 eggs and only have 2 . URL
0	All black today on URL ( link in bio ) â¬› ï¸ â—¾ ï¸ â–ª ï¸ / / liketoknow.it â€¦ URL
0	ion talk much but i say a lot . ğŸ‘Œ ğŸ¼
0	@USER should come see us more ğŸ˜‹
0	Looking for a place to getaway from all of the heart aching pains that life can bring .
0	aw thanks bby ğŸ˜˜ URL
0	Went to take my finger out of brixon's hand & he squeezed it even tighter .. I needed that so much
0	I hate when I can't sleep & dusty just passes out . ğŸ™„
0	@USER I think that'd be so cool ! :) you'd be birthday twins with my babyyy â˜º ï¸ â˜º ï¸
0	Will and i just argued over roast potatoes . Pathetic . Hahah .
0	We took the kids to a mega playdate with Nick Jr . and got some great ideas for preschool activities ! URL # sponsored
0	I always wanted to be out of philadelphia , a college graduate , and married when I had children ... God had other plans for me ğŸ’™
0	You Are Left 2013 , No Room In 2014 For Your Dirty Dog Ass .
0	@USER ğŸ˜‚ ğŸ˜‚ ğŸ˜‚ asshole
0	@USER I want to see it
0	@USER Beau is ok . I think we are getting somewhere slowly . Me and Will are fine , just tired . Thanks for the thoughts x
0	If you aren't getting rejected on a daily basis , then your goals aren't ambitious enough .
0	@USER ğŸ˜‚ ğŸ¤˜
0	Cant wajt for saturday .
0	This girl on Maury thinks her dude is cheatin ad bringing the girl to her house so she leaves the girl notes ...
0	Shit just not the same nomore ğŸ˜”
0	Birthday dinner w / my main â¤ ï¸
0	I almost forgot I had a doctor appt in the morning ğŸ˜’ I'm so over this
0	Awe hell now Joey pregnant ! ! Mimi say goodbye
0	Kyrie having a fit because I won't let him sleep up under me ... Like the ac not working it's too hot for all that ğŸ˜© ğŸ˜©
0	@USER URL there ya go .
0	@USER @USER when is the draw ? Do you have to be here to win ? ğŸ’™
0	When I play bachata on my belly Elyza kicks around . ğŸ˜ probably the coolest experience ever .
0	URL
0	I know wat to do
0	Haven't even clocked into work and ready to go ğŸ˜’ im not even in the mood to talk .
0	@USER really ? I thought about applying there if I move back to the area
0	How to decorate a village hall on the blog URL # hextable # villagehall # styledbynaomi URL
0	@USER yes ğŸ˜Œ
0	@USER come to my casa
0	I'm trynna figure out what clup you talking about ğŸ™„ URL
0	Hi @USER hope it's not too late ! ! ! Talking ADD with ADD - Misconceptions ( # MHW2K16 ) URL
0	Today is National Feel The Love Day ğŸ’•
0	A lot Dying young .. smh ğŸ’”
0	@USER I'm pretty disappointed to discover you discontinued your Hot Mustard ... # bringitback
0	I Wish Someone Could Bring Me Some Fries ğŸŸ
0	ğŸ˜¹ ğŸ˜¹ ğŸ˜¹ URL
0	@USER hahahahaha ğŸ˜‰ ğŸ˜‚
0	hOney ğŸ‘… ğŸ’• URL
0	Canton will forever be trash URL
0	I been gone all morning .
0	Lol shit crazy doe ğŸ˜´
0	Why do writers make up words ? Why not use a dictionary ? WELL ... # AWP16 URL
0	The bath tub and heating pad are my best friends .
0	What happen to ice jj fish
0	@USER happy bday ğŸ˜˜ â˜º ï¸
0	Marcus Hughes working hard :-) URL
0	@USER the party at @USER when shit got toooo real ! ? !
0	im eating garlic bread and drinking lemonade # PregnancyProblems
0	some of the things yall say about white people is just rude and annoying lol
0	I'm just so tired
0	@USER you were in my dream and in my dream I asked about your cat ğŸ˜‚
0	Nails & feet done âœ” ï¸ baby shower tomorrow â˜º ï¸ URL
0	12 days left of April then it'll be May , then the countdown really begins . June 22nd ğŸ‘¶ ğŸ½
0	@USER @USER Yay ! Happy to see you got your Echo items ! Anxious to see what you think ! :)
0	@USER Please email social@healthdesigns.com
0	all i know is bg mbsc ... i don't know what niggas got going on period ğŸ–• ğŸ½
0	It's not even Halloween and I have everyone's Christmas presents picked out already , except for @USER she ain't getting shit . ğŸ˜‚
0	The struggle is real at @USER . URL
0	I'm gonna be so sad not seeing Draya every Monday # BBWLA
0	Heartburn ğŸ˜©
0	Or think that pregnancy has caused me to say eff my appearance and whoever don't like it lol
0	2:30 pm -7:30 am My Work Schedule For Today ğŸ˜ ğŸ’° ğŸ˜ ğŸ’°
0	The good ones go if you wait too long ğŸ™ƒ
0	We have finals tomorrow y'all better study .
0	@USER my favourite shop ! Would love love love to win this for summer ! # IMPRESSYOURSELF # competition # win â€¦ URL
0	Second Saturday in a row I've baked a cake . Last weekend was golden cake w / vanilla buttercream . Today , fudge marble w / chocolate buttercream
0	Others see you as a positive force now with confident Jupiter ... More for Libra URL
0	ï¸ï¸Hahaha brightens up my day as usual . ğŸ™ˆ ğŸ˜ ğŸ‘¯ ğŸ’ URL
0	So ready to go home and sleep
0	When you miss someone but there's no way you can speak too them # sad # missyou
0	These emotions are way too much for me
0	It is a horrible comparison ğŸ˜­ ğŸ˜­ ğŸ˜‚ ğŸ˜‚ but please just po ... â€” no free toe pics sorry , if u want it ur paying lol URL
0	@USER We are going to the Jays game tomorrow afternoon too . Should be a fun day
0	never get attached to anything . attachment is the root of all suffering . non attachment is the way of life . ğŸ’œ URL
0	I have zero energy today ğŸ˜­ ğŸ˜­
0	Anytime Austin tries to kiss or touch Jayde , she starts growling ğŸ˜‚ ğŸ˜­
0	@USER he telling to fuck yu up so now wassup ! Yu know where I live in I know where yu live so what yu wanna do
0	@USER Vinton la why baby
0	Can a woman be a Champion , or is she a Championette ? Championtress ? I know a feminists answer would be ' a woman can be whatever she wants ! '
0	I love watching cats bathe themselves . It's so friggin cute .
0	I'll put money in my ppl pocket before I give it to a stranger ...
0	man it's the worse when ur whole body just feels sad
0	@USER ğŸ™Œ ğŸ¼ ğŸ™Œ ğŸ¼ ğŸ™Œ ğŸ¼ ğŸ™Œ ğŸ¼
0	@USER omg which one lmao
0	@USER he is SO sh * t
0	@USER Kay ğŸ’•
0	That dream was so lit .. no lie ğŸ˜†
0	S'funny how Katie always calls me when shes going in on someone . I help , I'm like yea ill drop kick her throat in half with my pinky toe ğŸ‘Š ğŸ¼
0	Bitch wanna be brittnii so bad lol
0	â€œ @USER : When the beat drops ... URL â€ @USER
0	@USER could you cut out the bit of cardboard box it's in ?
0	Look who's getting some makeup ! ! !
0	Whoohoo ! 100 of you love us enough to admire us on @USER ! We're soaking up the love , friends ! Xo > > â€¦ URL
0	I really hope she get my boots â˜º ï¸ ğŸ˜ ğŸ˜ # Jordan
0	@USER DipBrow in Ebony and Modern renaissance Palette ğŸ˜‹ URL
0	Sebastian John Hammond Morton , born 04-10- 14 at 17:39 . 7lbs14 of amazingness . # newborn URL
0	Slept through the night for the first time in a long time
0	Playing catch up ! URL
0	This is what happens when you don't sleep ladies and gentlemen . ğŸ‘ ğŸ¼ ğŸ‘ ğŸ¼
0	@USER Grammys are tomorrow not Oscars ! I've see 3
0	THANKS FOR ALL THE ADVICE . I'M PREGNANT AND YOU'RE CLEARLY A TRAINED MIDWIFE OR DOCTOR . I APPRECIATE YOU THINKING SO I DON'T HAVE TO .
0	@USER @USER Ray stop stealing people's phones
0	@USER thanks Liya ğŸ˜˜ ğŸ˜˜ ğŸ˜˜
0	Gotta get back on my shit , looking for a two bedroom apt ... ğŸ•µ ğŸ¡
0	Anybody know any good places to get a pits ears cut ?
0	Such a relatable convo URL
0	mama & princess URL
0	@USER You are very welcome ! :D
0	so glad im off i had a long fucking day
0	I hate waking back up from a Deep sleep ğŸ”¨
0	All I do is eat and sleep now smh . I'm so exhausted
0	Fake promises .
0	Literally about to lose my mind today .
0	URL
0	WHITE LACE DRESS + AN UPDATE URL on @USER
0	My cloth diaper stash is growing ! ! URL
0	man i wish my mom was still alive so bad i'm in need of a full time friend / supporter
0	@USER yes . That's npr . 88.5 is our NPR station .
0	Schoooool ğŸ“š
0	My bae a be so mad but it's so ğŸ’¯ ğŸ˜‚ ğŸ˜‚ URL
0	Homiee needs to get to the house .
0	He cool is as butter to these females . Lets see if that tone changes when scrappys on the scene ;)
0	How about Baked Lemon Pepper Chicken & Rice for an easy , delicious and healthy dinner â€¦ URL
0	# chillpill # dead ğŸ˜‚ ğŸ˜‚ ğŸ˜‚ # HealthDesigns # doitforthevine # YOUKNOWYOULOVEUS URL
0	I had a change of heart
0	I hate hospitals . I don't want to be here for 9 weeks ğŸ˜– ğŸ˜ ğŸ˜£ URL
0	Today chill night with them ğŸ’• â¤ ï¸
0	1st school picture was a sucess ! # preschool URL
0	Because I was messing around and ended up like it . URL
0	I think Greg and I have bought pretty much everything we need for life with a baby ! ğŸ™‰ ğŸ‘¶ ğŸ’™
0	to everyone doing something fun , at a concert or on vacation , on the beach ... i hate u
0	get pissed off everytime i think about this shit . bitches is trifling & give no fucks ! shit is disgusting .
0	my shit URL
0	Why can't isis just leave us alone damn
0	@USER have you heard of Purple Aki ? I'm just watching about him now . I thought it was a joke at first !
0	URL
0	Merry f'n Christmas
0	@USER I'm off Monday yippeeee hope your off too ! ! Xx
0	my dad literally mixes a whole bunch of food together & calls it breakfast
0	@USER Yay I Won't Feel Fat !
0	Don't need problems right now
0	Multiple photoshoot options for my maternity shoot , gosh I can't wait until I have my baby to do regular shoots .
0	I painted Adelyn's toes ğŸ™Š
0	Rt . URL
0	Awwwww Zoe
0	And sing on the top of your lungs because that song speaks to your soul .
0	# Frohead URL
0	i literally write down any advice you give i look u ... â€” omg that is so sweet thank u â¤ ï¸ URL
0	â€œ @USER : Finna go to my new school â€ Have A Good Day ! â˜º ï¸ ğŸ˜˜
0	are you ever gonna come back â€” to visit maybe , and for my baby shower URL
0	@USER I'm uncomfortable .
0	My dad wakes me up for the dumbest shit ever sometimes , he'll be like I need help & it'll be to help him find something on his phone ğŸ˜‘
0	# NewProfilePic URL
0	I need a outfit for tonight ğŸ™ƒ ğŸ™ƒ
0	@USER @USER @USER Glad you guys like it . Cats ! Who knew ? =)
0	@USER showing off our Lolita Cameos & Bird Skull Plugs ! Available at URL URL
0	It's Half Priced ..
0	I seriously have no appetite and I hate it .
0	I have mega itchy feet ! ! ğŸ’¢ ğŸ’¥ ğŸ”¥ ğŸ‘£
0	I called him head doctor ğŸ˜ ğŸ˜
0	But I think I just gotta fall back ğŸ˜” ğŸ˜’
0	city link seem to think i have unlimited hours to wait and money to keep calling . feel my pregnancy hormones , shitbags .
0	I'm trying so hard not to curse my grandma ass tf out ... She need to take her ass home bruh fr
0	These socks with aloe are my life right now . So comfy
0	Pearl Party Launch ! Those opening first are : Kerry Robinson Chloe Jones Kate Caffell Claire Williams Sonia ... URL
0	@USER @USER including pregnant ladies having problems sleeping ?
0	@USER thank you ğŸ˜˜
0	BOLD AF ğŸ˜‚ ğŸ˜‚ ğŸ˜‚ im dying URL
0	I'm in bed comfortable and I'm hungry like WHY
0	living in a daze . ğŸ˜
0	exactly ! ! URL
0	Somebody come rub my scalp . â˜º ï¸
0	I am so thankful that I only have to experience summer through the first half of my pregnancy . These Texas ... URL
0	@USER it's from a guy who posted it on a sale site on Facebook Gainsborough Market Street group
0	I'm 23 weeks and 2 days ğŸ’š â¤ ğŸ‘¶ ğŸ¾
0	âš“ ï¸ URL
0	It needs to be 4:30 already so Brock can be home ..
0	@USER @USER only thing he gives your ratchet ass is black eyes . So how bout your shit your damn mouth and quit actin hard
0	@USER how far along are you ?
0	How rude ! And I am pretty sure we are still here ;-) URL
0	I'm pregnant and almost went into labor watching this ğŸ™ƒ ğŸ™ƒ ğŸ™ƒ thanks URL
0	@USER ğŸ˜œ ğŸ‘¸ ğŸ½
0	I posted a new photo to Facebook URL
0	@USER @USER @USER URL
0	My moms making my favorite dish tonight ğŸ˜Š
0	@USER ğŸ‘ ğŸ¼ ğŸ‘ ğŸ¼ ğŸ‘ ğŸ¼
0	' but I ended up eating del taco ğŸ˜‹ ğŸ˜ # PregnancyProblems
0	Once i lose feeling they don't come back
0	Yes ğŸ˜ ğŸ˜© URL
0	@USER @USER
0	I have to ğŸ™„ URL
0	Social media : who knows Texts : lil bit URL
0	Nay gets a new Barbie . Takes al of her clothes off of her because it's bedtime and let's daddy know that barbies name is Suga ...
0	@USER love youu ğŸ˜š
0	Final grades posted and I only got one A . Hahahaha ... ğŸ˜­ ğŸ˜­ ğŸ˜­ # Blife
0	It's too late to make it right and I probably wouldn't if I could
0	I always feel super adult when I get an oil change .
0	Go Back To The Spot Tonight , Well Damn
0	Kade makes me so happy he's really doing everything and anything for me and our baby girl ğŸ˜­ â£ ï¸ for US for our little family ğŸ‘¨ â€ ğŸ‘© â€ ğŸ‘§
0	@USER disappointed in you
0	I have wants and needs ! !
0	Whoever said eating an apple will fill you up ... one of the biggest lies I have ever heard . I'm starving ! Bring on the latte and scone !
0	When English people say ' mom ' loser it's ' mum ' ! !
0	Tonight we celebrate our amazing day with burritos .
0	This bitch got 23 carots
0	... watch who you call your friend . this is bs . so sad . URL
0	whos the ugliest person you know â€” U URL
0	Sabel is so protective over me I swear ğŸ˜­ â¤ â¤
0	Yay got the job . ğŸ˜„ ğŸ‘ ğŸ™Š
0	This heart burn tho < < < this little boy better come out with hair ğŸ˜£
0	@USER thank you ! â¤ ï¸
0	Looking for the motivation to learn to drive .
0	Especially when there's crimes in our neighborhoods that needs to be addressed . Senseless crimes need to be stopped all together ( cont . )
0	@USER high ass ğŸ˜‰ ğŸ˜‚ ğŸ˜ ğŸ’¨
0	Stripes x Denim # ootd URL
0	I want some pineapples now ğŸ˜©
0	Man I need a job to support my family
0	My appointment tomar check on my young ğŸ‘¶
0	@USER thank you boo ğŸ˜­ ğŸ’• I'll text you rn !
0	going back to sleep
0	So ready to go back to work I got money to make & things to do ğŸ’¯
0	I'm chillinnnn ğŸ˜ ğŸ˜´
0	i know im prego and all but laying in bed alone on nye is not the move
0	I posted a new photo to Facebook URL
0	@USER @USER @USER yuuuummmmmm ! ! !
0	when you happy shit don't even matter ğŸ™‚
0	@USER Mhm Bet You Are
0	@USER your only missing foreign films ... totally ok .
0	No way ... She is not that big now ğŸ˜© ğŸ˜© ğŸ˜© oh my god URL
0	Currently on URL ( link in bio ): a fringe sweater and strappy sandals â€¦ URL
0	So , what's the difference between @USER ' s @USER and @USER ? Besides that we STILL WAIT for more Invisbilia .
0	He always will have a place In my heart â¤ ï¸
0	The Twins are doing perfectly ! ! Heartbeats at 160 and 164 <3 I will post pics later - Happy Summer Solstice <3
0	People don't change . If someone's broken , they just stay broken . # NewGirl
0	The question is not why am I awake but why am I awake watching a documentary about Auschwitz . # Questions
0	@USER no , i don't . no-one owned those baby rabbits either !
0	I can't wait to see my pretty baby
0	I GOT MY LEG PICKED UP AND LORD ğŸ˜ ğŸ˜ ğŸ˜ URL
0	Alex Ross predicted this :@ DCComics : Justice League # 12 Superman and Wonder Woman as new power couple . Find out more : URL
0	@USER we will tomorrow â¤
0	@USER I'll try ğŸ¤” ğŸ˜‚ my fat ass can't even sit in a chair without having shortness of breath ğŸ˜‚ ğŸ˜‚ ğŸ˜‚ everything's about to be a wrap
0	It's only 10:30 in the morning but I promise I could probably eat a whole pizza by myself right now . ğŸ• ğŸ• ğŸ•
0	Post workout snack because my life is all about balance , you guys . # pregnancy URL
0	Texting Someone & & Realizing How Much Youd Love To Steal Them Off One Good Time
0	Doctor said I could go into labor any time after these next two weeks .. What ğŸ˜³ seems unreal .
0	@USER JÃ¡ estou chegando lÃ¡
0	It's my birthday ! Thank you God for allowing me another year of life . URL
0	@USER never . Gives me a headache
0	ğŸ˜‚ bitches quick to say they bitches but they always talking about they bitches let not ğŸ’¯ ğŸ‘Œ
0	I've always been jealous of Rory Gilmore
0	Tired of being emotional on top of already being a Gemini . ğŸ˜
0	I just want a massage and to be held and be fed and sleep
0	@USER if you cry I'll punch you for being a little bitch
0	@USER ugh , pants .
0	I blame myself tbh
0	after a nice day ( had a scan and then went pushchair shopping ! ) i am going to bed with my kindle and a ham & cheese sandwich . WIN !
0	Don't ever expect me to praise my mom when you don't know what she's put me through and how she treats me . Seriously fuck off .
0	Every time I show grandma a picture of someone she always feels the need to zoom in so far to where you can almost see their pores ğŸ˜‚ ğŸ˜‚ ğŸ˜‚
0	@USER my exact plan .
0	Sometimes when I can't sleep I reply to texts at random times . I assume if people don't leave their phone on silent it's their own fault .
0	i don't know what the fuck he thought ğŸ˜‚
0	Our new Tiger Floral Dangles . Different flowers to choose from ! Available at URL URL
0	One that be bout that action , let that banga blow .
0	Never like to start all over wit a new person
0	@USER whattt ? ! ? ! Don't forget about me !
0	Shopped at Walmart , Costco and Stater Bros today . Suppose now I should figure out what's for dinner .
0	Don't argue with nobody anymore ... # growth ğŸ˜‡
0	@USER I just don't understand why my friends are so reckless ğŸ˜‚
0	I've always had a job even worked my whole pregnancy until now . But it's what's best for my baby girl .
0	It got sooooo cold ğŸ˜© ğŸ’œ
0	@USER Lol Don't , If He's There Today I'll Sit With Him Lbvs
0	Happy Father's Day to my man who I know gone be the best papi or he WILL get shot â˜º ï¸
0	Lilianna was kicking me all night , crazy I can actually feel her little feet now ğŸ‘£
0	@USER : * while sleeping * I'm a robot . I have no stomach . Me : What ? * wakes him up * Him : Sorry , I was dreaming about Black Ops .
0	Might get the iPhone 6 ğŸ˜³ fingers crossed .
0	@USER I couldn't believe it . Not to mention we need to boil water everyday now to make saline ... epic fail . I might need the paste ! !
0	@USER Where are you going ?
0	@USER That's pretty sweet . Good luck !
0	Mall of America . Needs to be a trip .
0	Im scared ugh plz dont start
0	@USER @USER I'm not sure what law this is but on numerous occasions Matt and I have done this at different establishments .
0	@USER bitch I said I would send u pics and vids of the BABY
0	@USER it hurt so bad ğŸ˜­
0	It's okay baby girl I'm here I gotchu you . Love you so much ğŸ˜ ğŸ’• URL
0	I have no clue what's going on in pll ğŸ˜’
0	I need a vacation away from everything just me and nature .
0	Shoot me I do not want to get a two hour ultra sound done this early when I barely slept ğŸ˜­
0	ğŸ˜­ my feet ! ! URL
0	@USER thank you ğŸ˜˜
0	thirty two weeks URL on @USER
0	Fuck it I'm tired of trying to make time for us & i never get it
0	Banks Co already cancelled school for tomorrow ... Tf ?
0	I Want Something Sweet
0	kinda cba
0	@USER Those are the best kind â¤ ï¸
0	You would think the days would fly by with me sleeping until one everyday , but nope . # stilldraggin
0	Spending so much $ on our car today . It better purr like a kitten now .
0	# RAOKearthsbest !
0	@USER @USER thank you ! My photography and styling was put to the test ! Glad you like it ğŸ’•
0	@USER I Can't Wait ! ! ğŸ˜
0	Can't remember the last time I actually slept good & didn't wake up throughout the night ğŸ˜–
0	6 weeks 3 days ğŸ’™
0	so damn sleepy ğŸ˜¿
0	It's not going to be pretty when our babysitter @USER wakes up and learns that @USER is no longer coming to Bite of Las Vegas . ğŸ˜¥
0	Finished baby shower shopping . I'm so excited !
0	@USER super gross .
0	My favorite part of my Me Day ... most women like to shop for clothes ... I like grocery shopping . It's so ... URL
0	These fucking crack heads n da lou always trying to sing & dance for some shit
0	Ain't no way In hell i can let me friend get beat up
0	one person followed me / / automatically checked by URL
0	. @USER - I'm not calling you fat but you look a lot bigger . # pregnancy
0	Worldwide Advocates in Women's Health Unite to Raise Awareness for Endometriosis - the ... URL
0	@USER thank you ğŸ˜˜ ğŸ˜˜
0	@USER ill dog on it until it gets put in the drama category .
0	Pizza and Netflix until baby gets home . â˜º ï¸
0	My meeting was canceled and @USER has my lil man till noon . # MeTime ğŸ‘ ğŸ‘ ğŸ‘
0	Aw yay , didn't have any morning sickness today :-)
0	Take me back to Friday .. URL
0	My stomach is not okay rn .
0	A little Valentine's Day inspiration :) URL URL
0	@USER @USER lmao I love you audrey ! ğŸ˜‚ ğŸ˜‚
0	@USER ain't shit donor is more like it
0	@USER my mother will be there and so will his , so hopefully we won't have to do much talking .
0	@USER hahaha yes !
0	@USER Haha Fr Tho
0	ğŸ’”
0	For this child , we have prayed . ğŸ‘¶ ğŸ¼ ğŸ‘£ URL
0	I feel sick is shit
0	@USER Why thank u ğŸ˜›
0	@USER no I'm at home very boring , come over if u want
0	Omg does McDonald's have their shamrock shakes out ? ! ğŸ˜ ğŸ€
0	i will continue to be amazed at how my bf deals w / my psycho ass ! ! ğŸ˜¬
0	@USER definitely not ! ! It makes me want to puke ! Bleckk
0	@USER I'm jealous â˜¹ ï¸ï¸
0	Some Advice after Short Term Disability ( Vlog 8/ 24/16 ): URL via @USER
0	I can feel my baby moving ! ğŸ’™
0	damn . my feeling woulda been hurt too haha . URL
0	# NowPlaying What's My Age Again ? by blink - 182 â™« URL
0	she does its so crazy ğŸ˜­ URL
0	If funny cuz the bitch tried to be slick
0	@USER Kevin . I literally thought this was you acting like you were coming out lmao lmao I didn't realize it rhymed and was a rap ğŸ˜‚ ğŸ˜‚ ğŸ˜‚
0	@USER I really do miss you sm it hurts my heart
0	haha & again ğŸ’› @USER URL
0	@USER don't bring up my fucking kid , I ain't the type to fight but I'll fuck you up
0	@USER @USER @USER Muchas gracias â£ ï¸
0	@USER My nephew would love one of these
0	URL
0	@USER ğŸ˜© ğŸ˜© ğŸ˜© omg the baby be here In 13days
0	Dippin dots ğŸ˜
0	@USER be careful ğŸ˜˜ ğŸ˜˜
0	Effe ! ! ! Didn't want them to tie up this game . Let's go HABS ! ! ! # gohabsgo
0	My phone is full of unsaved numbers .. ğŸ¤· ğŸ½ â€ â™€ ï¸
0	so glad i got a screen protector on my iPhone ğŸ˜Š
0	ğŸ˜‚ ğŸ˜‚ ğŸ˜‚ URL
0	It just got serious . 2015 will require some extra sweat equity but my goals will be accomplished ! URL
0	I love holidays . I love weekends in holidays even more . Even more so now I'm a stay-at-home mom cause I celebrate skool holidays too ! ğŸ˜Š
0	headache . bad skin . bad hair . this is winter .
0	0hYAH0hhhhYESZ 13 dayz Til # MATANGI drops ! omgsh ğŸ˜ ğŸ˜ ğŸ˜œ ğŸ˜ ğŸ˜ ğŸ˜· ğŸ‘³ ğŸ˜‘ ğŸ™‹ # mia # maya # yala # kala # arular # miauniverse URL
0	It's hard to answer the question what's wrong ? when nothing's right ..
0	I AM ABOUT TO GO CRAZY IN THIS HOSPITAL
0	This dude sits in his garage ( with it open ) and plays music while beating the drums it's so annoying and he fucking sucks
0	This lil boy done knocked on the door and finessed me and my mama outta 20 $ .. he was a sweetheart tho
0	Hot chocolate is the best on a cold day
0	My life ğŸ™„ URL
0	I have a picslip up â˜º ï¸
0	@USER i'm gonna cry
0	@USER ğŸ˜ ğŸ˜˜
0	Upset I missed the first few mins of love & hip hop . My TL is MADD at these ladies for not havin a ğŸ’
0	4 days until due date ğŸ¤° ğŸ»
0	We used to be inseparable URL URL
0	When yr husband wakes up less than 5 minutes after you decide to turn on the light and read : URL
0	Dead . ğŸ’€ tired of work but I am doing it all for my baby girl .
0	@USER I love you
0	In About 6 Weeks My Bugs Will Be Here â˜º ï¸ ğŸ˜Š
0	Happy birthday , Gracie Lou ! We love you ! # tbt @USER URL
0	Words can't express how much this means to me ! When I first met Mr . Thomas Felder in Las Vegas I asked him what ... URL
0	@USER ğŸ˜˜ ğŸ˜˜
0	@USER @USER oh I didn't know that was why ...
0	Oooo I hope Dawson hate you ğŸ˜’ ğŸ˜’ ğŸ˜’ âœ‹ hope he pisses all over you ! ! !
0	I'm so hungry & Lilly won't stop kicking ğŸ˜¤
0	Kade used to be scared to grab melo and now he picks him up just like nothing ğŸ˜‚ ğŸ’œ
0	When you have so much baby shower decorations , you have to get a UHAUL ğŸ™† ğŸ» ğŸ˜‚
0	@USER my automobile is a piece of CRAP .
0	@USER @USER ommm ğŸ˜¤
0	I hope that doesn't mean August will be a crybaby
0	A glimpse at what's coming to URL tomorrow ğŸ‘€ P . S . My watch is from â€¦ URL
0	@USER Waterproof
0	I'm so annoyed lmao wtf
0	I miss @USER ğŸ˜©
0	When you realize shit was never real
0	Wanna go home to my babyyyyyy ğŸ˜« ğŸ˜«
0	@USER thanks ! I'll check out those recos ! You're doing an awesome job ! One of each actually ğŸ‘¶ ğŸ½ ğŸ‘¶ ğŸ¼ ğŸ’™ ğŸ’—
0	He's a smart man , I must say ğŸ¤˜ ğŸ½ ğŸ˜‚ ğŸ˜‚ ğŸ˜­ ğŸ˜­ URL
0	Nothing stranger then family treat your friends like family but treat certain members of the family like strangers .
0	Yes ğŸ˜© ğŸ˜ URL
0	As soon as I get comfortable enough to sleep peacefully . I have to use the bathroom .
0	falling asleep next to your bestfriend and boyfriend all in one is the most perfect , safest place to be . ğŸ’• URL
0	on the blog # flowercrown advice URL photo by : @USER # weddingblog URL
0	At least my skin looks good i guess URL
0	My phone on 6 % where is my charger I hate this shit
0	29 Weeks Pregnant : Information & Tips - BabyGaga URL
0	Bruce URL
0	@USER Oh these sound so lovely ! Would love to win and try them
0	Ain't nobody taking my baby ğŸ˜Œ
0	@USER I'm gone hit you when I see you !
0	Got my issue of Allergic Living today and there's a really good piece about what to do when allergy stress becomes â€¦ URL
0	@USER Same ğŸ˜­
0	@USER I'll bring yall some peanuts
0	Working all weekend . Which means movie nights with the family instead of going out . ğŸ˜’
0	Exactly 3 years ago today ! ( via @USER ) URL URL
0	@USER I hope baby 2 has a big head with big blue eyes just like his brother .
0	Taco Bell really does sound amazing right now
0	This boy . # calvinwilliam URL
0	I hate findin shit like this
0	# Blogged : talking about my vest friend ---> URL URL
0	â€œ @USER : THERE FOUR BAGELS LOOSE IN MY NEIGHBORHOOD AND I'VE NEVER BEEN HAPPIER URL â€ ğŸ˜‚ ğŸ˜‚ ğŸ˜‚
0	Ummm stephan needs to get a little crafty , I want him to build the baby a custom book shelf because reading is going to be an everyday thing
0	@USER & say what ?
0	Looking up night hikes to go on tonight & getting completely off topic because theres so many cool other places to visit ! * hearteyes *
0	Happy Birthday to this stud I'm proud to call mine ! xo URL URL
0	I have a billion pics of jaylen I'm about to make him a scrap book .
0	My boyfriend wants to take my pregnant ass to the sxsw takeover ğŸ˜‚ ğŸ˜©
0	I posted a new photo to Facebook URL
0	@USER aww - he can sing along with this one ! URL
0	Thoughts on face mist's / sprays ? # beautychat URL
0	@USER hahaha I know ğŸ˜‚ ğŸ˜‚
0	freshly picked for baby ! URL on @USER
0	Basically my reaction to Indiana going for Trump ... URL
0	@USER lovely ! from what i can gather # teampheasant is currently myself and @USER - i * think * :) thank you :)
0	3cm down , 7 to go .. and some terrible contractions to go with it . Hoping for a baby today ! # pleaseandthanks
0	AF ! ! URL
0	@USER Pooda ğŸ˜
0	This is why you're my favorite URL
0	@USER I'm sleep
0	My life's stupid ... And I'm tired of stupidty
0	Cleaned all the bathrooms . But over did the bleach . Pregnancy has made me OCD . Anywho shoulda showered it off . Now the bleach is itchy
0	So glad we are near end of bikini season ğŸ™Œ
0	OHIO STATE BABY
0	Hate waking up out my sleep ğŸ˜¤
0	@USER it's okay . I am just being responsible because I could but I know it's not right . ğŸ‘
0	put you first . â¤ ï¸
0	Watching old Family Feud and Richard Dawson just took the stage with no corsage . MADNESS ! # MomLife
0	Lol my mama just be lieing lol
0	i miss my gauges :( URL
0	Macaroni Grill with mom ğŸ€
0	@USER some secret code bullshit . ğŸ˜­
0	I hate having a little sister . She's always taking my shit after I tell her not to .
0	Don't forget you have till 2/14 to get 15 % off your entire order when you use the code : VALENTINE at â€¦ URL
0	I'm at 200 Degrees Coffee - @USER in Nottingham URL
0	Changing my number mfs keep playing on my phone tf !
0	I'm Sad So What Do I Do , Go Buy A Bunch Of Food .. # TruFatAss
0	My tummy on fire ğŸ˜« ğŸ˜« ğŸ˜« ğŸ˜¢ ğŸ˜¥ ğŸ˜ª
0	Has anyone else gone through something like this ? I have no idea what to do , I'm so mad and heartbroken that they would act like this .
0	These statues are apart of history . 10 years ago this didn't even matter . I swear this country is so stupid .
0	Here's the thing : I'm not coming to Waffle House at 4 a . m . # overheardintheelevator
0	@USER oh I've been there . I feel ya hun . Best of luck . Rooting for ya ! ! !
0	Lol
0	@USER @USER What's the topic ?
0	Just downloaded the new @USER album on Apple Music . It will be ready to roll for some Saturday listening . # drake # views
0	Today on the blog , I'm telling the story of how I realized my great grandparents had lied about being married . I al â€¦ URL
0	You Can Cry , Let It All Out . But Make Sure Your Eyes Are Wiped & & Nobody Sees You Hurting . People Will Use It To Their Advantages . RS
0	I don't know this PK guy because I only 15 % follow hockey , but losing Shea is SO SAD to us 15 - percenters . # RIPNameIKnew # preds
0	I've been super emotional here lately so Keat cooked me my favorite meal tonight . Love my man more than anything â¤ ï¸
0	If you get out of Dayton , Ohio then you're making it man .
0	I am so uncomfortable I can't stand it
0	@USER everything's good getting by thanks for asking ğŸ˜˜
0	Lady gaga should be interesting next week ! ğŸ’­
0	Mad my videos taking forever to load
0	I may be young but I'm readyyyyy . To leave this training but it's all love ğŸµ ğŸ¶
0	I really hope I continue to lose weight with this pregnancy and afterward . I feel so great .
0	@USER she loves you too ğŸ˜˜
0	@USER you bragging a lot lol bout stuff these Lil girls can NOT handle
0	Maybe you're pregnant ğŸ˜³ URL
0	3 people followed me / / automatically checked by URL
0	@USER What kind of side effects do the injections cause ?
0	We're different people , live different lives and different friends ... But together we always pick up â€¦ URL
0	@USER I don't suck dick anyways so I wouldn't thank you very much
0	I Miss Cuddling Though , Fr ğŸ˜
0	@USER you looking hard af lol
0	Apple pie wasted .
0	Repost from @USER . Delivery 20 days ! Tax : NO :) Enjoy your new Whey protein . Thank you for â€¦ URL
0	I hate the rain
0	@USER Happy Birthday you ! Have a good'n :) xx
0	Can't wait till have my son so I can dance for my baby ğŸ˜ ğŸ™Š ğŸ’¦
0	Waiting on my new furniture to be delivered . ğŸ˜
0	@USER ahh poo poor baby ! :(
0	@USER @USER okay I will ğŸ˜Œ
0	@USER ğŸ˜« ğŸ˜«
0	@USER she did but she could've saved herself had she not start talking that shit
0	@USER @USER JOEY YOU STOPPIT ! I was feelin them abs tho ! ! !
0	I'm so weak lmao @USER twerkin by the milk machine back in the day URL
0	Just found some new ANIMAL gym bags in our receiving department ! They look super nice and remind me â€¦ URL
0	if only they knew i carried a taser on my at all time too . ğŸ˜‚ URL
0	Having a blast in Durant !
0	I gave you that nigga ğŸ’¯ ğŸ‘Œ ğŸ˜‚ ğŸ˜‚
0	@USER he used to live in our hometown lol , they reconnected over Facebook then started going on skype dates
0	My baby been comin here since Thursday to help me threw my pain ğŸ˜
0	Mhmmmmmm .
0	Coach has informed me she wants me to come help @USER & & others after the baby is born with 3rd base ! ğŸ˜ ğŸ’• âš¾ ï¸ ğŸ’ª # YouReady
0	@USER I'll keep it safe for ya , pal ! URL
0	@USER naw I'm good ... Yu telling my business to ya bitch in I'm arguing with her she decides to say some shit . That's female shit ğŸ˜´
0	Happy motherfucking birthday to my real friend , my real lover ! I wouldn't trade u 4 a thing ! @USER URL
0	@USER I'm so glad to hear you're getting in ! Have an amaaaaaazing time !
0	@USER @USER you wanna go out tomorrow ? My best friend Geena is in town ! My mom said she'll watch nov
0	Although you're on the edge of an expansive period in your lif ... More for Libra URL
0	I was pregnant in 2013 , 2014 , and 2015 ... I will not be pregnant in 2016 . Cheers !
0	I love being up early making my man breakfast â£ ï¸I love taking him lunch and I LOVE having food for him when he gets home after a long day . ğŸ¤¤ ğŸ–¤
0	What's your reason for celebrating ? What are you taking a vacation from ?
0	@USER EstÃ¡ , mas a fila estÃ¡ enorme .
0	Wtf URL
0	Oh my GAWD , @USER came over to watch Thomas and brought me @USER . # BestBabysitterEver URL
0	Ayo what time is you bed time ğŸ˜‚ ğŸ˜‚ ğŸ˜‚ ğŸ˜­ ğŸ˜­ ğŸ˜­ log off . URL
0	Not in content ( so far ) . Just the sound of their voices through a phone line are hella similar
0	It's finally January ğŸ˜˜ couples more days now
0	are you going to breast feed â€” yes URL
0	ğŸ˜ URL
0	... but I'll take that . Aha .
0	@USER @USER I was still in elementary when i figured it out ğŸ˜­ ğŸ˜­ ğŸ˜­
0	I remember we was little .
0	Teagan surprised me for my baby shower and I started crying . Bless her soul
